{"cameraMode":{"drawMode":0,"name":"Shaded","section":"Shading Mode"},"sceneLighting":true,"audioPlay":false,"sceneViewState":{"showFog":true,"showMaterialUpdate":true,"showSkybox":true,"showFlares":true,"showImageEffects":true,"showParticleSystems":true},"in2DMode":false,"pivot":{"x":0.6137043237686157,"y":0.47604310512542727,"z":5.463166236877441},"rotation":{"x":0.05499967932701111,"y":0.8924978971481323,"z":-0.11333387345075607,"w":0.4331093728542328},"size":2.1452343463897707,"orthographic":false}