{"cameraMode":{"drawMode":0,"name":"Shaded","section":"Shading Mode"},"sceneLighting":true,"audioPlay":false,"sceneViewState":{"showFog":true,"showMaterialUpdate":true,"showSkybox":true,"showFlares":true,"showImageEffects":true,"showParticleSystems":true},"in2DMode":false,"pivot":{"x":0.2822081446647644,"y":0.2525358200073242,"z":1.2547030448913575},"rotation":{"x":-0.002722842153161764,"y":-0.9825935959815979,"z":0.1852143406867981,"w":-0.01445276290178299},"size":5.210884094238281,"orthographic":false}