{"cameraMode":{"drawMode":0,"name":"Shaded","section":"Shading Mode"},"sceneLighting":false,"audioPlay":false,"sceneViewState":{"showFog":true,"showMaterialUpdate":true,"showSkybox":false,"showFlares":true,"showImageEffects":true,"showParticleSystems":true},"in2DMode":false,"pivot":{"x":-0.0017279982566833497,"y":-0.050000011920928958,"z":3.4907567501068117},"rotation":{"x":0.13776282966136933,"y":0.6438887715339661,"z":-0.11937039345502854,"w":0.7430912852287293},"size":12.143814086914063,"orthographic":false}