{"cameraMode":{"drawMode":0,"name":"Shaded","section":"Shading Mode"},"sceneLighting":true,"audioPlay":false,"sceneViewState":{"showFog":true,"showMaterialUpdate":true,"showSkybox":false,"showFlares":true,"showImageEffects":true,"showParticleSystems":true},"in2DMode":false,"pivot":{"x":-8.775851249694825,"y":0.03254401683807373,"z":9.453899383544922},"rotation":{"x":0.06589645892381668,"y":0.9098898768424988,"z":-0.3775397837162018,"w":0.15881384909152986},"size":6.338843822479248,"orthographic":false}