{"cameraMode":{"drawMode":0,"name":"Shaded","section":"Shading Mode"},"sceneLighting":true,"audioPlay":false,"sceneViewState":{"showFog":true,"showMaterialUpdate":true,"showSkybox":true,"showFlares":true,"showImageEffects":true,"showParticleSystems":true},"in2DMode":false,"pivot":{"x":4.583819389343262,"y":0.6538066864013672,"z":-2.394165515899658},"rotation":{"x":-0.04561448469758034,"y":-0.6915761828422546,"z":0.04384154826402664,"w":-0.7195342183113098},"size":18.09280776977539,"orthographic":false}